City,City Remapped,Combined,Year,Full Date,ES,TH,SH,Total - Sheltered,Total - Unsheltered,Total PEH,Unsheltered - Chronically Homeless,Unsheltered - Veteran,Unsheltered - Female,Unsheltered - Families,Unsheltered - Youth,Sheltered - Chronically Homeless,Sheltered - Veteran,Sheltered - Female,Sheltered - Families,Sheltered - Youth,Unsheltered - Male,Unsheltered - Female,Unsheltered - Transgender,Unsheltered - Questioning,"Unsheltered - American Indian, Alaska Native, or Indigenous",Unshelthered - Asian or Asian American,"Unsheltered - Black, African American, or African",Unsheltered - Native Hawaiian or Pacific Islander ,Unsheltered - White,Unsheltered - Mulitple Races,"Sheltered - American Indian, Alaska Native, or Indigenous",Sheltered - Asian or Asian American,"Sheltered - Black, African American, or African",Sheltered - Native Hawaiian or Pacific Islander ,Sheltered - White,Sheltered - Multiple Races
Alpine,County of San Diego,Alpine|2022,2022,,#N/A,#N/A,#N/A,#N/A,1,1,#N/A,#N/A,#N/A,#N/A,#N/A,#N/A,#N/A,#N/A,#N/A,#N/A,#N/A,#N/A,#N/A,#N/A,#N/A,#N/A,#N/A,#N/A,#N/A,#N/A,#N/A,#N/A,#N/A,#N/A,#N/A,#N/A
Alpine,County of San Diego,Alpine|2020,2020,,0,0,0,0,1,1,#N/A,#N/A,#N/A,#N/A,#N/A,#N/A,#N/A,#N/A,#N/A,#N/A,#N/A,#N/A,#N/A,#N/A,#N/A,#N/A,#N/A,#N/A,#N/A,#N/A,#N/A,#N/A,#N/A,#N/A,#N/A,#N/A
Alpine,County of San Diego,Alpine|2019,2019,,#N/A,#N/A,#N/A,0,10,10,#N/A,#N/A,#N/A,#N/A,#N/A,#N/A,#N/A,#N/A,#N/A,#N/A,#N/A,#N/A,#N/A,#N/A,#N/A,#N/A,#N/A,#N/A,#N/A,#N/A,#N/A,#N/A,#N/A,#N/A,#N/A,#N/A
Alpine,County of San Diego,Alpine|2018,2018,,#N/A,#N/A,#N/A,#N/A,#N/A,0,#N/A,#N/A,#N/A,#N/A,#N/A,#N/A,#N/A,#N/A,#N/A,#N/A,#N/A,#N/A,#N/A,#N/A,#N/A,#N/A,#N/A,#N/A,#N/A,#N/A,#N/A,#N/A,#N/A,#N/A,#N/A,#N/A
City of Alpine,County of San Diego,City of Alpine|2017,2017,,#N/A,#N/A,#N/A,#N/A,19,19,#N/A,#N/A,#N/A,#N/A,#N/A,#N/A,#N/A,#N/A,#N/A,#N/A,#N/A,#N/A,#N/A,#N/A,#N/A,#N/A,#N/A,#N/A,#N/A,#N/A,#N/A,#N/A,#N/A,#N/A,#N/A,#N/A
City of Alpine,County of San Diego,City of Alpine|2016,2016,,#N/A,#N/A,#N/A,#N/A,0,0,#N/A,#N/A,#N/A,#N/A,#N/A,#N/A,#N/A,#N/A,#N/A,#N/A,#N/A,#N/A,#N/A,#N/A,#N/A,#N/A,#N/A,#N/A,#N/A,#N/A,#N/A,#N/A,#N/A,#N/A,#N/A,#N/A
City of Alpine,County of San Diego,City of Alpine|2015,2015,,#N/A,#N/A,#N/A,#N/A,#N/A,0,#N/A,#N/A,#N/A,#N/A,#N/A,#N/A,#N/A,#N/A,#N/A,#N/A,#N/A,#N/A,#N/A,#N/A,#N/A,#N/A,#N/A,#N/A,#N/A,#N/A,#N/A,#N/A,#N/A,#N/A,#N/A,#N/A
City of Carlsbad,City of Carlsbad,City of Carlsbad|2022,2022,1/1/22,43,0,0,43,75,118,#N/A,6,21,0,9,,2,suppressed,0,2,72,28,,,0,0,13,0,87,,3,2,16,2,77,
,,,,12/1/21,,,,,,111,,,,,,,,,,,,,,,,,,,,,,,,,,
,,,,11/1/02,,,,,,104,,,,,,,,,,,,,,,,,,,,,,,,,,
,,,,10/1/21,,,,,,97,,,,,,,,,,,,,,,,,,,,,,,,,,
,,,,9/1/21,,,,,,90,,,,,,,,,,,,,,,,,,,,,,,,,,
,,,,8/1/21,,,,,,83,,,,,,,,,,,,,,,,,,,,,,,,,,
,,,,7/1/21,,,,,,76,,,,,,,,,,,,,,,,,,,,,,,,,,
,,,,6/1/21,,,,,,69,,,,,,,,,,,,,,,,,,,,,,,,,,
,,,,5/1/21,,,,,,62,,,,,,,,,,,,,,,,,,,,,,,,,,
,,,,4/1/21,,,,,,55,,,,,,,,,,,,,,,,,,,,,,,,,,
,,,,3/1/21,,,,,,48,,,,,,,,,,,,,,,,,,,,,,,,,,
,,,,2/1/21,,,,,,41,,,,,,,,,,,,,,,,,,,,,,,,,,
City of Carlsbad,City of Carlsbad,City of Carlsbad|2021,2021,1/1/21,34,0,0,34,#N/A,34,#N/A,#N/A,#N/A,#N/A,#N/A,#N/A,#N/A,#N/A,#N/A,#N/A,#N/A,#N/A,#N/A,#N/A,#N/A,#N/A,#N/A,#N/A,#N/A,#N/A,#N/A,#N/A,#N/A,#N/A,#N/A,#N/A
City of Carlsbad,City of Carlsbad,City of Carlsbad|2020,2020,,54,0,0,54,94,148,27,5,19,0,3,9,5,0,0,2,#N/A,#N/A,#N/A,#N/A,#N/A,#N/A,#N/A,#N/A,#N/A,#N/A,#N/A,#N/A,#N/A,#N/A,#N/A,#N/A
City of Carlsbad,City of Carlsbad,City of Carlsbad|2019,2019,,#N/A,#N/A,#N/A,59,102,161,#N/A,#N/A,#N/A,#N/A,#N/A,#N/A,#N/A,#N/A,#N/A,#N/A,#N/A,#N/A,#N/A,#N/A,#N/A,#N/A,#N/A,#N/A,#N/A,#N/A,#N/A,#N/A,#N/A,#N/A,#N/A,#N/A
City of Carlsbad,City of Carlsbad,City of Carlsbad|2018,2018,,58,0,0,58,71,129,#N/A,#N/A,#N/A,#N/A,#N/A,#N/A,#N/A,#N/A,#N/A,#N/A,#N/A,#N/A,#N/A,#N/A,#N/A,#N/A,#N/A,#N/A,#N/A,#N/A,#N/A,#N/A,#N/A,#N/A,#N/A,#N/A
City of Carlsbad,City of Carlsbad,City of Carlsbad|2017,2017,,59,0,0,59,101,160,#N/A,#N/A,#N/A,#N/A,#N/A,#N/A,#N/A,#N/A,#N/A,#N/A,#N/A,#N/A,#N/A,#N/A,#N/A,#N/A,#N/A,#N/A,#N/A,#N/A,#N/A,#N/A,#N/A,#N/A,#N/A,#N/A
City of Carlsbad,City of Carlsbad,City of Carlsbad|2016,2016,,67,0,0,67,41,108,#N/A,#N/A,#N/A,#N/A,#N/A,#N/A,#N/A,#N/A,#N/A,#N/A,#N/A,#N/A,#N/A,#N/A,#N/A,#N/A,#N/A,#N/A,#N/A,#N/A,#N/A,#N/A,#N/A,#N/A,#N/A,#N/A
City of Carlsbad,City of Carlsbad,City of Carlsbad|2015,2015,,67,0,0,67,12,79,13,8,0,#N/A,#N/A,#N/A,#N/A,#N/A,#N/A,#N/A,#N/A,0,#N/A,#N/A,#N/A,#N/A,#N/A,#N/A,#N/A,#N/A,#N/A,#N/A,#N/A,#N/A,#N/A,#N/A
City of Chula Vista,City of Chula Vista,City of Chula Vista|2022,2022,,41,62,0,103,206,309,#N/A,17,55,6,18,#N/A,0,suppressed,81,21,72,27,<1,<1,2,0,14,2,81,1,0,2,18,0,69,11
City of Chula Vista,City of Chula Vista,City of Chula Vista|2021,2021,,80,77,0,157,#N/A,157,#N/A,#N/A,#N/A,#N/A,#N/A,#N/A,#N/A,#N/A,#N/A,#N/A,#N/A,#N/A,#N/A,#N/A,#N/A,#N/A,#N/A,#N/A,#N/A,#N/A,#N/A,#N/A,#N/A,#N/A,#N/A,#N/A
City of Chula Vista,City of Chula Vista,City of Chula Vista|2020,2020,,36,65,0,101,212,313,42,7,60,1,9,0,1,49,42,43,#N/A,#N/A,#N/A,#N/A,#N/A,#N/A,#N/A,#N/A,#N/A,#N/A,#N/A,#N/A,#N/A,#N/A,#N/A,#N/A
City of Chula Vista,City of Chula Vista,City of Chula Vista|2019,2019,,#N/A,#N/A,#N/A,79,242,321,#N/A,#N/A,#N/A,#N/A,#N/A,#N/A,#N/A,#N/A,#N/A,#N/A,#N/A,#N/A,#N/A,#N/A,#N/A,#N/A,#N/A,#N/A,#N/A,#N/A,#N/A,#N/A,#N/A,#N/A,#N/A,#N/A
City of Chula Vista,City of Chula Vista,City of Chula Vista|2018,2018,,34,74,0,108,76,184,#N/A,#N/A,#N/A,#N/A,#N/A,#N/A,#N/A,#N/A,#N/A,#N/A,#N/A,#N/A,#N/A,#N/A,#N/A,#N/A,#N/A,#N/A,#N/A,#N/A,#N/A,#N/A,#N/A,#N/A,#N/A,#N/A
City of Chula Vista,City of Chula Vista,City of Chula Vista|2017,2017,,43,62,0,105,262,367,#N/A,#N/A,#N/A,#N/A,#N/A,#N/A,#N/A,#N/A,#N/A,#N/A,#N/A,#N/A,#N/A,#N/A,#N/A,#N/A,#N/A,#N/A,#N/A,#N/A,#N/A,#N/A,#N/A,#N/A,#N/A,#N/A
City of Chula Vista,City of Chula Vista,City of Chula Vista|2016,2016,,27,131,0,158,380,538,#N/A,#N/A,#N/A,#N/A,#N/A,#N/A,#N/A,#N/A,#N/A,#N/A,#N/A,#N/A,#N/A,#N/A,#N/A,#N/A,#N/A,#N/A,#N/A,#N/A,#N/A,#N/A,#N/A,#N/A,#N/A,#N/A
City of Chula Vista,City of Chula Vista,City of Chula Vista|2015,2015,,19,158,0,177,321,498,193,29,132,#N/A,#N/A,#N/A,#N/A,#N/A,#N/A,#N/A,#N/A,132,#N/A,#N/A,#N/A,#N/A,#N/A,#N/A,#N/A,#N/A,#N/A,#N/A,#N/A,#N/A,#N/A,#N/A
City of Coronado,City of Coronado,City of Coronado|2022,2022,,#N/A,#N/A,#N/A,#N/A,#N/A,0,#N/A,#N/A,#N/A,#N/A,#N/A,#N/A,#N/A,#N/A,#N/A,#N/A,#N/A,#N/A,#N/A,#N/A,#N/A,#N/A,#N/A,#N/A,#N/A,#N/A,#N/A,#N/A,#N/A,#N/A,#N/A,#N/A
City of Coronado,City of Coronado,City of Coronado|2021,2021,,0,0,0,0,#N/A,0,#N/A,#N/A,#N/A,#N/A,#N/A,#N/A,#N/A,#N/A,#N/A,#N/A,#N/A,#N/A,#N/A,#N/A,#N/A,#N/A,#N/A,#N/A,#N/A,#N/A,#N/A,#N/A,#N/A,#N/A,#N/A,#N/A
City of Coronado,City of Coronado,City of Coronado|2020,2020,,0,0,0,0,16,16,#N/A,#N/A,#N/A,#N/A,#N/A,#N/A,#N/A,#N/A,#N/A,#N/A,#N/A,#N/A,#N/A,#N/A,#N/A,#N/A,#N/A,#N/A,#N/A,#N/A,#N/A,#N/A,#N/A,#N/A,#N/A,#N/A
City of Coronado,City of Coronado,City of Coronado|2019,2019,,#N/A,#N/A,#N/A,0,1,1,#N/A,#N/A,#N/A,#N/A,#N/A,#N/A,#N/A,#N/A,#N/A,#N/A,#N/A,#N/A,#N/A,#N/A,#N/A,#N/A,#N/A,#N/A,#N/A,#N/A,#N/A,#N/A,#N/A,#N/A,#N/A,#N/A
City of Coronado,City of Coronado,City of Coronado|2018,2018,,0,0,0,0,0,0,#N/A,#N/A,#N/A,#N/A,#N/A,#N/A,#N/A,#N/A,#N/A,#N/A,#N/A,#N/A,#N/A,#N/A,#N/A,#N/A,#N/A,#N/A,#N/A,#N/A,#N/A,#N/A,#N/A,#N/A,#N/A,#N/A
City of Coronado,City of Coronado,City of Coronado|2017,2017,,0,0,0,0,5,5,#N/A,#N/A,#N/A,#N/A,#N/A,#N/A,#N/A,#N/A,#N/A,#N/A,#N/A,#N/A,#N/A,#N/A,#N/A,#N/A,#N/A,#N/A,#N/A,#N/A,#N/A,#N/A,#N/A,#N/A,#N/A,#N/A
City of Coronado,City of Coronado,City of Coronado|2016,2016,,0,0,0,0,6,6,#N/A,#N/A,#N/A,#N/A,#N/A,#N/A,#N/A,#N/A,#N/A,#N/A,#N/A,#N/A,#N/A,#N/A,#N/A,#N/A,#N/A,#N/A,#N/A,#N/A,#N/A,#N/A,#N/A,#N/A,#N/A,#N/A
City of Coronado,City of Coronado,City of Coronado|2015,2015,,#N/A,#N/A,#N/A,#N/A,#N/A,0,#N/A,#N/A,#N/A,#N/A,#N/A,#N/A,#N/A,#N/A,#N/A,#N/A,#N/A,#N/A,#N/A,#N/A,#N/A,#N/A,#N/A,#N/A,#N/A,#N/A,#N/A,#N/A,#N/A,#N/A,#N/A,#N/A
City of Del Mar,City of Del Mar,City of Del Mar|2022,2022,,#N/A,#N/A,#N/A,#N/A,#N/A,0,#N/A,#N/A,#N/A,#N/A,#N/A,#N/A,#N/A,#N/A,#N/A,#N/A,#N/A,#N/A,#N/A,#N/A,#N/A,#N/A,#N/A,#N/A,#N/A,#N/A,#N/A,#N/A,#N/A,#N/A,#N/A,#N/A
City of Del Mar,City of Del Mar,City of Del Mar|2021,2021,,#N/A,#N/A,#N/A,#N/A,#N/A,0,#N/A,#N/A,#N/A,#N/A,#N/A,#N/A,#N/A,#N/A,#N/A,#N/A,#N/A,#N/A,#N/A,#N/A,#N/A,#N/A,#N/A,#N/A,#N/A,#N/A,#N/A,#N/A,#N/A,#N/A,#N/A,#N/A
City of Del Mar,City of Del Mar,City of Del Mar|2020,2020,,#N/A,#N/A,#N/A,#N/A,#N/A,0,#N/A,#N/A,#N/A,#N/A,#N/A,#N/A,#N/A,#N/A,#N/A,#N/A,#N/A,#N/A,#N/A,#N/A,#N/A,#N/A,#N/A,#N/A,#N/A,#N/A,#N/A,#N/A,#N/A,#N/A,#N/A,#N/A
City of Del Mar,City of Del Mar,City of Del Mar|2019,2019,,#N/A,#N/A,#N/A,#N/A,#N/A,0,#N/A,#N/A,#N/A,#N/A,#N/A,#N/A,#N/A,#N/A,#N/A,#N/A,#N/A,#N/A,#N/A,#N/A,#N/A,#N/A,#N/A,#N/A,#N/A,#N/A,#N/A,#N/A,#N/A,#N/A,#N/A,#N/A
City of Del Mar,City of Del Mar,City of Del Mar|2018,2018,,#N/A,#N/A,#N/A,#N/A,#N/A,0,#N/A,#N/A,#N/A,#N/A,#N/A,#N/A,#N/A,#N/A,#N/A,#N/A,#N/A,#N/A,#N/A,#N/A,#N/A,#N/A,#N/A,#N/A,#N/A,#N/A,#N/A,#N/A,#N/A,#N/A,#N/A,#N/A
City of Del Mar,City of Del Mar,City of Del Mar|2017,2017,,#N/A,#N/A,#N/A,#N/A,#N/A,0,#N/A,#N/A,#N/A,#N/A,#N/A,#N/A,#N/A,#N/A,#N/A,#N/A,#N/A,#N/A,#N/A,#N/A,#N/A,#N/A,#N/A,#N/A,#N/A,#N/A,#N/A,#N/A,#N/A,#N/A,#N/A,#N/A
City of Del Mar,City of Del Mar,City of Del Mar|2016,2016,,#N/A,#N/A,#N/A,#N/A,#N/A,0,#N/A,#N/A,#N/A,#N/A,#N/A,#N/A,#N/A,#N/A,#N/A,#N/A,#N/A,#N/A,#N/A,#N/A,#N/A,#N/A,#N/A,#N/A,#N/A,#N/A,#N/A,#N/A,#N/A,#N/A,#N/A,#N/A
City of Del Mar,City of Del Mar,City of Del Mar|2015,2015,,#N/A,#N/A,#N/A,#N/A,#N/A,0,#N/A,#N/A,#N/A,#N/A,#N/A,#N/A,#N/A,#N/A,#N/A,#N/A,#N/A,#N/A,#N/A,#N/A,#N/A,#N/A,#N/A,#N/A,#N/A,#N/A,#N/A,#N/A,#N/A,#N/A,#N/A,#N/A
City of El Cajon,City of El Cajon,City of El Cajon|2022,2022,,683,440,0,1123,185,1308,#N/A,6,40,5,12,#N/A,28,598,884,18,78,21,<1,#N/A,0,0,47,0,53,0,3,1,32,5,57,0
City of El Cajon,City of El Cajon,City of El Cajon|2021,2021,,339,399,0,738,#N/A,738,#N/A,#N/A,#N/A,#N/A,#N/A,#N/A,#N/A,#N/A,#N/A,#N/A,#N/A,#N/A,#N/A,#N/A,#N/A,#N/A,#N/A,#N/A,#N/A,#N/A,#N/A,#N/A,#N/A,#N/A,#N/A,#N/A
City of El Cajon,City of El Cajon,City of El Cajon|2020,2020,,162,312,0,474,310,784,51,9,100,1,25,29,37,215,206,48,#N/A,#N/A,#N/A,#N/A,#N/A,#N/A,#N/A,#N/A,#N/A,#N/A,#N/A,#N/A,#N/A,#N/A,#N/A,#N/A
City of El Cajon,City of El Cajon,City of El Cajon|2019,2019,,#N/A,#N/A,#N/A,489,298,787,#N/A,#N/A,#N/A,#N/A,#N/A,#N/A,#N/A,#N/A,#N/A,#N/A,#N/A,#N/A,#N/A,#N/A,#N/A,#N/A,#N/A,#N/A,#N/A,#N/A,#N/A,#N/A,#N/A,#N/A,#N/A,#N/A
City of El Cajon,City of El Cajon,City of El Cajon|2018,2018,,118,273,0,391,189,580,#N/A,#N/A,#N/A,#N/A,#N/A,#N/A,#N/A,#N/A,#N/A,#N/A,#N/A,#N/A,#N/A,#N/A,#N/A,#N/A,#N/A,#N/A,#N/A,#N/A,#N/A,#N/A,#N/A,#N/A,#N/A,#N/A
City of El Cajon,City of El Cajon,City of El Cajon|2017,2017,,19,0,46,65,388,453,#N/A,#N/A,#N/A,#N/A,#N/A,#N/A,#N/A,#N/A,#N/A,#N/A,#N/A,#N/A,#N/A,#N/A,#N/A,#N/A,#N/A,#N/A,#N/A,#N/A,#N/A,#N/A,#N/A,#N/A,#N/A,#N/A
City of El Cajon,City of El Cajon,City of El Cajon|2016,2016,,20,83,0,103,218,321,#N/A,#N/A,#N/A,#N/A,#N/A,#N/A,#N/A,#N/A,#N/A,#N/A,#N/A,#N/A,#N/A,#N/A,#N/A,#N/A,#N/A,#N/A,#N/A,#N/A,#N/A,#N/A,#N/A,#N/A,#N/A,#N/A
City of El Cajon,City of El Cajon,City of El Cajon|2015,2015,,202,318,0,520,191,711,25,21,71,#N/A,#N/A,#N/A,#N/A,#N/A,#N/A,#N/A,#N/A,71,#N/A,#N/A,#N/A,#N/A,#N/A,#N/A,#N/A,#N/A,#N/A,#N/A,#N/A,#N/A,#N/A,#N/A
City of Encinitas,City of Encinitas,City of Encinitas|2022,2022,,25,12,0,37,76,113,#N/A,5,30,0,0,#N/A,0,suppressed,30,0,72,28,#N/A,#N/A,58,23,10,9,0,0,0,0,22,0,78,0
City of Encinitas,City of Encinitas,City of Encinitas|2021,2021,,46,2,0,48,#N/A,48,#N/A,#N/A,#N/A,#N/A,#N/A,#N/A,#N/A,#N/A,#N/A,#N/A,#N/A,#N/A,#N/A,#N/A,#N/A,#N/A,#N/A,#N/A,#N/A,#N/A,#N/A,#N/A,#N/A,#N/A,#N/A,#N/A
City of Encinitas,City of Encinitas,City of Encinitas|2020,2020,,25,8,0,33,47,80,8,3,11,0,2,19,0,18,9,17,#N/A,#N/A,#N/A,#N/A,#N/A,#N/A,#N/A,#N/A,#N/A,#N/A,#N/A,#N/A,#N/A,#N/A,#N/A,#N/A
City of Encinitas,City of Encinitas,City of Encinitas|2019,2019,,#N/A,#N/A,#N/A,41,79,120,#N/A,#N/A,#N/A,#N/A,#N/A,#N/A,#N/A,#N/A,#N/A,#N/A,#N/A,#N/A,#N/A,#N/A,#N/A,#N/A,#N/A,#N/A,#N/A,#N/A,#N/A,#N/A,#N/A,#N/A,#N/A,#N/A
City of Encinitas,City of Encinitas,City of Encinitas|2018,2018,,24,15,0,39,21,60,#N/A,#N/A,#N/A,#N/A,#N/A,#N/A,#N/A,#N/A,#N/A,#N/A,#N/A,#N/A,#N/A,#N/A,#N/A,#N/A,#N/A,#N/A,#N/A,#N/A,#N/A,#N/A,#N/A,#N/A,#N/A,#N/A
City of Encinitas,City of Encinitas,City of Encinitas|2017,2017,,11,22,0,33,117,150,#N/A,#N/A,#N/A,#N/A,#N/A,#N/A,#N/A,#N/A,#N/A,#N/A,#N/A,#N/A,#N/A,#N/A,#N/A,#N/A,#N/A,#N/A,#N/A,#N/A,#N/A,#N/A,#N/A,#N/A,#N/A,#N/A
City of Encinitas,City of Encinitas,City of Encinitas|2016,2016,,28,11,0,39,54,93,#N/A,#N/A,#N/A,#N/A,#N/A,#N/A,#N/A,#N/A,#N/A,#N/A,#N/A,#N/A,#N/A,#N/A,#N/A,#N/A,#N/A,#N/A,#N/A,#N/A,#N/A,#N/A,#N/A,#N/A,#N/A,#N/A
City of Encinitas,City of Encinitas,City of Encinitas|2015,2015,,30,13,0,43,80,123,40,20,10,#N/A,#N/A,#N/A,#N/A,#N/A,#N/A,#N/A,#N/A,10,#N/A,#N/A,#N/A,#N/A,#N/A,#N/A,#N/A,#N/A,#N/A,#N/A,#N/A,#N/A,#N/A,#N/A
City of Escondido,City of Escondido,City of Escondido|2022,2022,,295,14,8,317,182,499,#N/A,18,43,5,36,#N/A,9,suppressed,97,4,76,24,#N/A,#N/A,6,2,16,1,74,1,6,2,13,1,75,3
City of Escondido,City of Escondido,City of Escondido|2021,2021,,69,73,12,154,#N/A,154,#N/A,#N/A,#N/A,#N/A,#N/A,#N/A,#N/A,#N/A,#N/A,#N/A,#N/A,#N/A,#N/A,#N/A,#N/A,#N/A,#N/A,#N/A,#N/A,#N/A,#N/A,#N/A,#N/A,#N/A,#N/A,#N/A
City of Escondido,City of Escondido,City of Escondido|2020,2020,,102,52,11,165,264,429,53,8,68,0,9,34,20,85,25,15,#N/A,#N/A,#N/A,#N/A,#N/A,#N/A,#N/A,#N/A,#N/A,#N/A,#N/A,#N/A,#N/A,#N/A,#N/A,#N/A
City of Escondido,City of Escondido,City of Escondido|2019,2019,,#N/A,#N/A,#N/A,109,241,350,#N/A,#N/A,#N/A,#N/A,#N/A,#N/A,#N/A,#N/A,#N/A,#N/A,#N/A,#N/A,#N/A,#N/A,#N/A,#N/A,#N/A,#N/A,#N/A,#N/A,#N/A,#N/A,#N/A,#N/A,#N/A,#N/A
City of Escondido,City of Escondido,City of Escondido|2018,2018,,87,53,8,148,154,302,#N/A,#N/A,#N/A,#N/A,#N/A,#N/A,#N/A,#N/A,#N/A,#N/A,#N/A,#N/A,#N/A,#N/A,#N/A,#N/A,#N/A,#N/A,#N/A,#N/A,#N/A,#N/A,#N/A,#N/A,#N/A,#N/A
City of Escondido,City of Escondido,City of Escondido|2017,2017,,82,175,12,257,523,780,#N/A,#N/A,#N/A,#N/A,#N/A,#N/A,#N/A,#N/A,#N/A,#N/A,#N/A,#N/A,#N/A,#N/A,#N/A,#N/A,#N/A,#N/A,#N/A,#N/A,#N/A,#N/A,#N/A,#N/A,#N/A,#N/A
City of Escondido,City of Escondido,City of Escondido|2016,2016,,75,224,8,307,225,532,#N/A,#N/A,#N/A,#N/A,#N/A,#N/A,#N/A,#N/A,#N/A,#N/A,#N/A,#N/A,#N/A,#N/A,#N/A,#N/A,#N/A,#N/A,#N/A,#N/A,#N/A,#N/A,#N/A,#N/A,#N/A,#N/A
City of Escondido,City of Escondido,City of Escondido|2015,2015,,60,249,9,318,11,329,26,17,26,#N/A,#N/A,#N/A,#N/A,#N/A,#N/A,#N/A,#N/A,26,#N/A,#N/A,#N/A,#N/A,#N/A,#N/A,#N/A,#N/A,#N/A,#N/A,#N/A,#N/A,#N/A,#N/A
City of Fallbrook,County of San Diego,City of Fallbrook|2017,2017,,#N/A,#N/A,#N/A,#N/A,17,17,#N/A,#N/A,#N/A,#N/A,#N/A,#N/A,#N/A,#N/A,#N/A,#N/A,#N/A,#N/A,#N/A,#N/A,#N/A,#N/A,#N/A,#N/A,#N/A,#N/A,#N/A,#N/A,#N/A,#N/A,#N/A,#N/A
City of Fallbrook,County of San Diego,City of Fallbrook|2016,2016,,#N/A,#N/A,#N/A,#N/A,8,8,#N/A,#N/A,#N/A,#N/A,#N/A,#N/A,#N/A,#N/A,#N/A,#N/A,#N/A,#N/A,#N/A,#N/A,#N/A,#N/A,#N/A,#N/A,#N/A,#N/A,#N/A,#N/A,#N/A,#N/A,#N/A,#N/A
City of Fallbrook,County of San Diego,City of Fallbrook|2015,2015,,#N/A,#N/A,#N/A,#N/A,#N/A,0,#N/A,#N/A,#N/A,#N/A,#N/A,#N/A,#N/A,#N/A,#N/A,#N/A,#N/A,#N/A,#N/A,#N/A,#N/A,#N/A,#N/A,#N/A,#N/A,#N/A,#N/A,#N/A,#N/A,#N/A,#N/A,#N/A
City of Imperial Beach,City of Imperial Beach,City of Imperial Beach|2022,2022,,#N/A,#N/A,#N/A,#N/A,#N/A,0,#N/A,#N/A,#N/A,#N/A,#N/A,#N/A,#N/A,#N/A,#N/A,#N/A,#N/A,#N/A,#N/A,#N/A,#N/A,#N/A,#N/A,#N/A,#N/A,#N/A,#N/A,#N/A,#N/A,#N/A,#N/A,#N/A
City of Imperial Beach,City of Imperial Beach,City of Imperial Beach|2021,2021,,0,0,0,0,#N/A,0,#N/A,#N/A,#N/A,#N/A,#N/A,#N/A,#N/A,#N/A,#N/A,#N/A,#N/A,#N/A,#N/A,#N/A,#N/A,#N/A,#N/A,#N/A,#N/A,#N/A,#N/A,#N/A,#N/A,#N/A,#N/A,#N/A
City of Imperial Beach,City of Imperial Beach,City of Imperial Beach|2020,2020,,0,0,0,0,16,16,#N/A,#N/A,#N/A,#N/A,#N/A,#N/A,#N/A,#N/A,#N/A,#N/A,#N/A,#N/A,#N/A,#N/A,#N/A,#N/A,#N/A,#N/A,#N/A,#N/A,#N/A,#N/A,#N/A,#N/A,#N/A,#N/A
City of Imperial Beach,City of Imperial Beach,City of Imperial Beach|2019,2019,,#N/A,#N/A,#N/A,0,12,12,#N/A,#N/A,#N/A,#N/A,#N/A,#N/A,#N/A,#N/A,#N/A,#N/A,#N/A,#N/A,#N/A,#N/A,#N/A,#N/A,#N/A,#N/A,#N/A,#N/A,#N/A,#N/A,#N/A,#N/A,#N/A,#N/A
City of Imperial Beach,City of Imperial Beach,City of Imperial Beach|2018,2018,,0,0,0,0,7,7,#N/A,#N/A,#N/A,#N/A,#N/A,#N/A,#N/A,#N/A,#N/A,#N/A,#N/A,#N/A,#N/A,#N/A,#N/A,#N/A,#N/A,#N/A,#N/A,#N/A,#N/A,#N/A,#N/A,#N/A,#N/A,#N/A
City of Imperial Beach,City of mperial Beach,City of Imperial Beach|2017,2017,,0,0,0,0,22,22,#N/A,#N/A,#N/A,#N/A,#N/A,#N/A,#N/A,#N/A,#N/A,#N/A,#N/A,#N/A,#N/A,#N/A,#N/A,#N/A,#N/A,#N/A,#N/A,#N/A,#N/A,#N/A,#N/A,#N/A,#N/A,#N/A
City of Imperial Beach,City of Imperial Beach,City of Imperial Beach|2016,2016,,0,0,0,0,12,12,#N/A,#N/A,#N/A,#N/A,#N/A,#N/A,#N/A,#N/A,#N/A,#N/A,#N/A,#N/A,#N/A,#N/A,#N/A,#N/A,#N/A,#N/A,#N/A,#N/A,#N/A,#N/A,#N/A,#N/A,#N/A,#N/A
City of Imperial Beach,City of Imperial Beach,City of Imperial Beach|2015,2015,,0,0,0,0,46,46,9,9,9,#N/A,#N/A,#N/A,#N/A,#N/A,#N/A,#N/A,#N/A,9,#N/A,#N/A,#N/A,#N/A,#N/A,#N/A,#N/A,#N/A,#N/A,#N/A,#N/A,#N/A,#N/A,#N/A
City of La Mesa,City of La Mesa,City of La Mesa|2022,2022,,1,17,0,18,35,53,#N/A,3,8,0,0,#N/A,0,suppressed,0,15,77,23,#N/A,#N/A,0,3,46,0,51,0,5,6,56,0,33,0
City of La Mesa,City of La Mesa,City of La Mesa|2021,2021,,0,0,0,0,#N/A,0,#N/A,#N/A,#N/A,#N/A,#N/A,#N/A,#N/A,#N/A,#N/A,#N/A,#N/A,#N/A,#N/A,#N/A,#N/A,#N/A,#N/A,#N/A,#N/A,#N/A,#N/A,#N/A,#N/A,#N/A,#N/A,#N/A
City of La Mesa,City of La Mesa,City of La Mesa|2020,2020,,0,0,0,0,52,52,8,1,8,0,0,,,,,,#N/A,#N/A,#N/A,#N/A,#N/A,#N/A,#N/A,#N/A,#N/A,#N/A,#N/A,#N/A,#N/A,#N/A,#N/A,#N/A
City of La Mesa,City of La Mesa,City of La Mesa|2019,2019,,#N/A,#N/A,#N/A,0,46,46,#N/A,#N/A,#N/A,#N/A,#N/A,#N/A,#N/A,#N/A,#N/A,#N/A,#N/A,#N/A,#N/A,#N/A,#N/A,#N/A,#N/A,#N/A,#N/A,#N/A,#N/A,#N/A,#N/A,#N/A,#N/A,#N/A
City of La Mesa,City of La Mesa,City of La Mesa|2018,2018,,29,0,0,29,10,39,#N/A,#N/A,#N/A,#N/A,#N/A,#N/A,#N/A,#N/A,#N/A,#N/A,#N/A,#N/A,#N/A,#N/A,#N/A,#N/A,#N/A,#N/A,#N/A,#N/A,#N/A,#N/A,#N/A,#N/A,#N/A,#N/A
City of La Mesa,City of La Mesa,City of La Mesa|2017,2017,,0,0,0,0,25,25,#N/A,#N/A,#N/A,#N/A,#N/A,#N/A,#N/A,#N/A,#N/A,#N/A,#N/A,#N/A,#N/A,#N/A,#N/A,#N/A,#N/A,#N/A,#N/A,#N/A,#N/A,#N/A,#N/A,#N/A,#N/A,#N/A
City of La Mesa,City of La Mesa,City of La Mesa|2016,2016,,0,0,0,0,31,31,#N/A,#N/A,#N/A,#N/A,#N/A,#N/A,#N/A,#N/A,#N/A,#N/A,#N/A,#N/A,#N/A,#N/A,#N/A,#N/A,#N/A,#N/A,#N/A,#N/A,#N/A,#N/A,#N/A,#N/A,#N/A,#N/A
City of La Mesa,City of La Mesa,City of La Mesa|2015,2015,,0,0,0,0,19,19,0,2,6,#N/A,#N/A,#N/A,#N/A,#N/A,#N/A,#N/A,#N/A,6,#N/A,#N/A,#N/A,#N/A,#N/A,#N/A,#N/A,#N/A,#N/A,#N/A,#N/A,#N/A,#N/A,#N/A
City of Lakeside,County of San Diego,City of Lakeside|2017,2017,,#N/A,#N/A,#N/A,#N/A,#N/A,0,#N/A,#N/A,#N/A,#N/A,#N/A,#N/A,#N/A,#N/A,#N/A,#N/A,#N/A,#N/A,#N/A,#N/A,#N/A,#N/A,#N/A,#N/A,#N/A,#N/A,#N/A,#N/A,#N/A,#N/A,#N/A,#N/A
City of Lakeside,County of San Diego,City of Lakeside|2016,2016,,#N/A,#N/A,#N/A,#N/A,87,87,#N/A,#N/A,#N/A,#N/A,#N/A,#N/A,#N/A,#N/A,#N/A,#N/A,#N/A,#N/A,#N/A,#N/A,#N/A,#N/A,#N/A,#N/A,#N/A,#N/A,#N/A,#N/A,#N/A,#N/A,#N/A,#N/A
City of Lakeside,County of San Diego,City of Lakeside|2015,2015,,#N/A,#N/A,#N/A,#N/A,#N/A,0,#N/A,#N/A,#N/A,#N/A,#N/A,#N/A,#N/A,#N/A,#N/A,#N/A,#N/A,#N/A,#N/A,#N/A,#N/A,#N/A,#N/A,#N/A,#N/A,#N/A,#N/A,#N/A,#N/A,#N/A,#N/A,#N/A
City of Lemon Grove,City of Lemon Grove,City of Lemon Grove|2022,2022,,#N/A,#N/A,#N/A,#N/A,#N/A,0,#N/A,#N/A,#N/A,#N/A,#N/A,#N/A,#N/A,#N/A,#N/A,#N/A,#N/A,#N/A,#N/A,#N/A,#N/A,#N/A,#N/A,#N/A,#N/A,#N/A,#N/A,#N/A,#N/A,#N/A,#N/A,#N/A
City of Lemon Grove,City of Lemon Grove,City of Lemon Grove|2021,2021,,0,0,0,0,#N/A,0,#N/A,#N/A,#N/A,#N/A,#N/A,#N/A,#N/A,#N/A,#N/A,#N/A,#N/A,#N/A,#N/A,#N/A,#N/A,#N/A,#N/A,#N/A,#N/A,#N/A,#N/A,#N/A,#N/A,#N/A,#N/A,#N/A
City of Lemon Grove,City of Lemon Grove,City of Lemon Grove|2020,2020,,0,0,0,0,18,18,#N/A,#N/A,#N/A,#N/A,#N/A,#N/A,#N/A,#N/A,#N/A,#N/A,#N/A,#N/A,#N/A,#N/A,#N/A,#N/A,#N/A,#N/A,#N/A,#N/A,#N/A,#N/A,#N/A,#N/A,#N/A,#N/A
City of Lemon Grove,City of Lemon Grove,City of Lemon Grove|2019,2019,,#N/A,#N/A,#N/A,0,35,35,#N/A,#N/A,#N/A,#N/A,#N/A,#N/A,#N/A,#N/A,#N/A,#N/A,#N/A,#N/A,#N/A,#N/A,#N/A,#N/A,#N/A,#N/A,#N/A,#N/A,#N/A,#N/A,#N/A,#N/A,#N/A,#N/A
City of Lemon Grove,City of Lemon Grove,City of Lemon Grove|2018,2018,,0,0,0,0,10,10,#N/A,#N/A,#N/A,#N/A,#N/A,#N/A,#N/A,#N/A,#N/A,#N/A,#N/A,#N/A,#N/A,#N/A,#N/A,#N/A,#N/A,#N/A,#N/A,#N/A,#N/A,#N/A,#N/A,#N/A,#N/A,#N/A
City of Lemon Grove,City of Lemon Grove,City of Lemon Grove|2017,2017,,0,0,0,0,36,36,#N/A,#N/A,#N/A,#N/A,#N/A,#N/A,#N/A,#N/A,#N/A,#N/A,#N/A,#N/A,#N/A,#N/A,#N/A,#N/A,#N/A,#N/A,#N/A,#N/A,#N/A,#N/A,#N/A,#N/A,#N/A,#N/A
City of Lemon Grove,City of Lemon Grove,City of Lemon Grove|2016,2016,,0,0,0,0,12,12,#N/A,#N/A,#N/A,#N/A,#N/A,#N/A,#N/A,#N/A,#N/A,#N/A,#N/A,#N/A,#N/A,#N/A,#N/A,#N/A,#N/A,#N/A,#N/A,#N/A,#N/A,#N/A,#N/A,#N/A,#N/A,#N/A
City of Lemon Grove,City of Lemon Grove,City of Lemon Grove|2015,2015,,0,0,0,0,11,11,1,1,4,#N/A,#N/A,#N/A,#N/A,#N/A,#N/A,#N/A,#N/A,4,#N/A,#N/A,#N/A,#N/A,#N/A,#N/A,#N/A,#N/A,#N/A,#N/A,#N/A,#N/A,#N/A,#N/A
City of National City,City of National City,City of National City|2022,2022,,0,9,0,9,149,158,#N/A,22,41,6,11,#N/A,0,0,0,9,71,28,#N/A,1,0,9,21,6,64,0,0,0,0,0,89,11
City of National City,City of National City,City of National City|2021,2021,,0,9,0,9,#N/A,9,#N/A,#N/A,#N/A,#N/A,#N/A,#N/A,#N/A,#N/A,#N/A,#N/A,#N/A,#N/A,#N/A,#N/A,#N/A,#N/A,#N/A,#N/A,#N/A,#N/A,#N/A,#N/A,#N/A,#N/A,#N/A,#N/A
City of National City,City of National City,City of National City|2020,2020,,0,3,0,3,125,128,21,9,31,0,1,0,2,0,0,0,#N/A,#N/A,#N/A,#N/A,#N/A,#N/A,#N/A,#N/A,#N/A,#N/A,#N/A,#N/A,#N/A,#N/A,#N/A,#N/A
City of National City,City of National City,City of National City|2019,2019,,#N/A,#N/A,#N/A,0,94,94,#N/A,#N/A,#N/A,#N/A,#N/A,#N/A,#N/A,#N/A,#N/A,#N/A,#N/A,#N/A,#N/A,#N/A,#N/A,#N/A,#N/A,#N/A,#N/A,#N/A,#N/A,#N/A,#N/A,#N/A,#N/A,#N/A
City of National City,City of National City,City of National City|2018,2018,,21,11,0,32,51,83,#N/A,#N/A,#N/A,#N/A,#N/A,#N/A,#N/A,#N/A,#N/A,#N/A,#N/A,#N/A,#N/A,#N/A,#N/A,#N/A,#N/A,#N/A,#N/A,#N/A,#N/A,#N/A,#N/A,#N/A,#N/A,#N/A
City of National City,City of National City,City of National City|2017,2017,,0,18,0,18,294,312,#N/A,#N/A,#N/A,#N/A,#N/A,#N/A,#N/A,#N/A,#N/A,#N/A,#N/A,#N/A,#N/A,#N/A,#N/A,#N/A,#N/A,#N/A,#N/A,#N/A,#N/A,#N/A,#N/A,#N/A,#N/A,#N/A
City of National City,City of National City,City of National City|2016,2016,,0,33,0,33,299,332,#N/A,#N/A,#N/A,#N/A,#N/A,#N/A,#N/A,#N/A,#N/A,#N/A,#N/A,#N/A,#N/A,#N/A,#N/A,#N/A,#N/A,#N/A,#N/A,#N/A,#N/A,#N/A,#N/A,#N/A,#N/A,#N/A
City of National City,City of National City,City of National City|2015,2015,,0,16,0,16,137,153,68,8,68,#N/A,#N/A,#N/A,#N/A,#N/A,#N/A,#N/A,#N/A,68,#N/A,#N/A,#N/A,#N/A,#N/A,#N/A,#N/A,#N/A,#N/A,#N/A,#N/A,#N/A,#N/A,#N/A
City of Oceanside,City of Oceanside,City of Oceanside|2022,2022,,78,118,0,196,318,514,#N/A,71,86,0,6,#N/A,17,suppressed,158,18,73,27,#N/A,#N/A,1,0,14,0,81,4,3,3,24,1,64,4
City of Oceanside,City of Oceanside,City of Oceanside|2021,2021,,26,119,0,145,#N/A,145,#N/A,#N/A,#N/A,#N/A,#N/A,#N/A,#N/A,#N/A,#N/A,#N/A,#N/A,#N/A,#N/A,#N/A,#N/A,#N/A,#N/A,#N/A,#N/A,#N/A,#N/A,#N/A,#N/A,#N/A,#N/A,#N/A
City of Oceanside,City of Oceanside,City of Oceanside|2020,2020,,35,131,0,166,242,408,30,5,65,1,25,0,48,71,84,39,#N/A,#N/A,#N/A,#N/A,#N/A,#N/A,#N/A,#N/A,#N/A,#N/A,#N/A,#N/A,#N/A,#N/A,#N/A,#N/A
City of Oceanside,City of Oceanside,City of Oceanside|2019,2019,,#N/A,#N/A,#N/A,193,290,483,#N/A,#N/A,#N/A,#N/A,#N/A,#N/A,#N/A,#N/A,#N/A,#N/A,#N/A,#N/A,#N/A,#N/A,#N/A,#N/A,#N/A,#N/A,#N/A,#N/A,#N/A,#N/A,#N/A,#N/A,#N/A,#N/A
City of Oceanside,City of Oceanside,City of Oceanside|2018,2018,,56,101,0,157,116,273,#N/A,#N/A,#N/A,#N/A,#N/A,#N/A,#N/A,#N/A,#N/A,#N/A,#N/A,#N/A,#N/A,#N/A,#N/A,#N/A,#N/A,#N/A,#N/A,#N/A,#N/A,#N/A,#N/A,#N/A,#N/A,#N/A
City of Oceanside,City of Oceanside,City of Oceanside|2017,2017,,60,110,0,170,531,701,#N/A,#N/A,#N/A,#N/A,#N/A,#N/A,#N/A,#N/A,#N/A,#N/A,#N/A,#N/A,#N/A,#N/A,#N/A,#N/A,#N/A,#N/A,#N/A,#N/A,#N/A,#N/A,#N/A,#N/A,#N/A,#N/A
City of Oceanside,City of Oceanside,City of Oceanside|2016,2016,,60,215,0,275,392,667,#N/A,#N/A,#N/A,#N/A,#N/A,#N/A,#N/A,#N/A,#N/A,#N/A,#N/A,#N/A,#N/A,#N/A,#N/A,#N/A,#N/A,#N/A,#N/A,#N/A,#N/A,#N/A,#N/A,#N/A,#N/A,#N/A
City of Oceanside,City of Oceanside,City of Oceanside|2015,2015,,62,200,0,262,158,420,43,49,30,#N/A,#N/A,#N/A,#N/A,#N/A,#N/A,#N/A,#N/A,30,#N/A,#N/A,#N/A,#N/A,#N/A,#N/A,#N/A,#N/A,#N/A,#N/A,#N/A,#N/A,#N/A,#N/A
City of Poway,City of Poway,City of Poway|2022,2022,,#N/A,#N/A,#N/A,#N/A,#N/A,0,#N/A,#N/A,#N/A,#N/A,#N/A,#N/A,#N/A,#N/A,#N/A,#N/A,#N/A,#N/A,#N/A,#N/A,#N/A,#N/A,#N/A,#N/A,#N/A,#N/A,#N/A,#N/A,#N/A,#N/A,#N/A,#N/A
City of Poway,City of Poway,City of Poway|2021,2021,,0,0,0,0,#N/A,0,#N/A,#N/A,#N/A,#N/A,#N/A,#N/A,#N/A,#N/A,#N/A,#N/A,#N/A,#N/A,#N/A,#N/A,#N/A,#N/A,#N/A,#N/A,#N/A,#N/A,#N/A,#N/A,#N/A,#N/A,#N/A,#N/A
City of Poway,City of Poway,City of Poway|2020,2020,,0,0,0,0,15,15,#N/A,#N/A,#N/A,#N/A,#N/A,#N/A,#N/A,#N/A,#N/A,#N/A,#N/A,#N/A,#N/A,#N/A,#N/A,#N/A,#N/A,#N/A,#N/A,#N/A,#N/A,#N/A,#N/A,#N/A,#N/A,#N/A
City of Poway,City of Poway,City of Poway|2019,2019,,#N/A,#N/A,#N/A,0,9,9,#N/A,#N/A,#N/A,#N/A,#N/A,#N/A,#N/A,#N/A,#N/A,#N/A,#N/A,#N/A,#N/A,#N/A,#N/A,#N/A,#N/A,#N/A,#N/A,#N/A,#N/A,#N/A,#N/A,#N/A,#N/A,#N/A
City of Poway,City of Poway,City of Poway|2018,2018,,0,0,0,0,5,5,#N/A,#N/A,#N/A,#N/A,#N/A,#N/A,#N/A,#N/A,#N/A,#N/A,#N/A,#N/A,#N/A,#N/A,#N/A,#N/A,#N/A,#N/A,#N/A,#N/A,#N/A,#N/A,#N/A,#N/A,#N/A,#N/A
City of Poway,City of Poway,City of Poway|2017,2017,,0,0,0,0,8,8,#N/A,#N/A,#N/A,#N/A,#N/A,#N/A,#N/A,#N/A,#N/A,#N/A,#N/A,#N/A,#N/A,#N/A,#N/A,#N/A,#N/A,#N/A,#N/A,#N/A,#N/A,#N/A,#N/A,#N/A,#N/A,#N/A
City of Poway,City of Poway,City of Poway|2016,2016,,0,0,0,0,10,10,#N/A,#N/A,#N/A,#N/A,#N/A,#N/A,#N/A,#N/A,#N/A,#N/A,#N/A,#N/A,#N/A,#N/A,#N/A,#N/A,#N/A,#N/A,#N/A,#N/A,#N/A,#N/A,#N/A,#N/A,#N/A,#N/A
City of Poway,City of Poway,City of Poway|2015,2015,,#N/A,#N/A,#N/A,#N/A,#N/A,0,#N/A,#N/A,#N/A,#N/A,#N/A,#N/A,#N/A,#N/A,#N/A,#N/A,#N/A,#N/A,#N/A,#N/A,#N/A,#N/A,#N/A,#N/A,#N/A,#N/A,#N/A,#N/A,#N/A,#N/A,#N/A,#N/A
City of Ramona,County of San Diego,City of Ramona|2017,2017,,#N/A,#N/A,#N/A,#N/A,65,65,#N/A,#N/A,#N/A,#N/A,#N/A,#N/A,#N/A,#N/A,#N/A,#N/A,#N/A,#N/A,#N/A,#N/A,#N/A,#N/A,#N/A,#N/A,#N/A,#N/A,#N/A,#N/A,#N/A,#N/A,#N/A,#N/A
City of Ramona,County of San Diego,City of Ramona|2016,2016,,#N/A,#N/A,#N/A,#N/A,61,61,#N/A,#N/A,#N/A,#N/A,#N/A,#N/A,#N/A,#N/A,#N/A,#N/A,#N/A,#N/A,#N/A,#N/A,#N/A,#N/A,#N/A,#N/A,#N/A,#N/A,#N/A,#N/A,#N/A,#N/A,#N/A,#N/A
City of Ramona,County of San Diego,City of Ramona|2015,2015,,#N/A,#N/A,#N/A,#N/A,#N/A,0,#N/A,#N/A,#N/A,#N/A,#N/A,#N/A,#N/A,#N/A,#N/A,#N/A,#N/A,#N/A,#N/A,#N/A,#N/A,#N/A,#N/A,#N/A,#N/A,#N/A,#N/A,#N/A,#N/A,#N/A,#N/A,#N/A
City of San Diego,City of San Diego,City of San Diego|2022,2022,,1711,568,28,2307,2494,4801,386,265,643,55,174,558,245,794,471,519,74,26,<1,<1,4,3,29,1,61,2,,,,,,
City of San Diego,City of San Diego,City of San Diego|2021,2021,,1931,563,13,2507,#N/A,2507,#N/A,#N/A,#N/A,#N/A,#N/A,#N/A,#N/A,#N/A,#N/A,#N/A,#N/A,#N/A,#N/A,#N/A,#N/A,#N/A,#N/A,#N/A,#N/A,#N/A,#N/A,#N/A,#N/A,#N/A,#N/A,#N/A
City of San Diego,City of San Diego,City of San Diego|2020,2020,,1759,809,36,2604,2283,4887,371,190,579,36,223,764,535,903,732,155,#N/A,#N/A,#N/A,#N/A,#N/A,#N/A,#N/A,#N/A,#N/A,#N/A,#N/A,#N/A,#N/A,#N/A,#N/A,#N/A
City of San Diego,City of San Diego,City of San Diego|2019,2019,,#N/A,#N/A,#N/A,2482,2600,5082,#N/A,#N/A,#N/A,#N/A,#N/A,#N/A,#N/A,#N/A,#N/A,#N/A,#N/A,#N/A,#N/A,#N/A,#N/A,#N/A,#N/A,#N/A,#N/A,#N/A,#N/A,#N/A,#N/A,#N/A,#N/A,#N/A
City of San Diego,City of San Diego,City of San Diego|2018,2018,,1467,759,56,2282,1474,3756,#N/A,#N/A,#N/A,#N/A,#N/A,#N/A,#N/A,#N/A,#N/A,#N/A,#N/A,#N/A,#N/A,#N/A,#N/A,#N/A,#N/A,#N/A,#N/A,#N/A,#N/A,#N/A,#N/A,#N/A,#N/A,#N/A
City of San Diego,City of San Diego,City of San Diego|2017,2017,,1240,1118,30,2388,3231,5619,#N/A,#N/A,#N/A,#N/A,#N/A,#N/A,#N/A,#N/A,#N/A,#N/A,#N/A,#N/A,#N/A,#N/A,#N/A,#N/A,#N/A,#N/A,#N/A,#N/A,#N/A,#N/A,#N/A,#N/A,#N/A,#N/A
City of San Diego,City of San Diego,City of San Diego|2016,2016,,885,1419,44,2348,2745,5093,#N/A,#N/A,#N/A,#N/A,#N/A,#N/A,#N/A,#N/A,#N/A,#N/A,#N/A,#N/A,#N/A,#N/A,#N/A,#N/A,#N/A,#N/A,#N/A,#N/A,#N/A,#N/A,#N/A,#N/A,#N/A,#N/A
City of San Diego,City of San Diego,City of San Diego|2015,2015,,889,1841,43,2773,2765,5538,995,470,774,#N/A,#N/A,#N/A,#N/A,#N/A,#N/A,#N/A,1936,774,#N/A,#N/A,#N/A,#N/A,#N/A,#N/A,#N/A,#N/A,#N/A,#N/A,#N/A,#N/A,#N/A,#N/A
City of San Marcos,City of San Marcos,City of San Marcos|2022,2022,,0,0,0,0,12,12,#N/A,3,2,0,0,#N/A,suppressed,suppressed,suppressed,suppressed,83,17,#N/A,#N/A,0,100,0,0,0,0,,,,,,
City of San Marcos,City of San Marcos,City of San Marcos|2021,2021,,0,0,0,0,#N/A,0,#N/A,#N/A,#N/A,#N/A,#N/A,#N/A,#N/A,#N/A,#N/A,#N/A,#N/A,#N/A,#N/A,#N/A,#N/A,#N/A,#N/A,#N/A,#N/A,#N/A,#N/A,#N/A,#N/A,#N/A,#N/A,#N/A
City of San Marcos,City of San Marcos,City of San Marcos|2020,2020,,0,0,0,0,8,8,2,0,1,0,0,0,0,0,0,0,#N/A,#N/A,#N/A,#N/A,#N/A,#N/A,#N/A,#N/A,#N/A,#N/A,#N/A,#N/A,#N/A,#N/A,#N/A,#N/A
City of San Marcos,City of San Marcos,City of San Marcos|2019,2019,,#N/A,#N/A,#N/A,0,46,46,#N/A,#N/A,#N/A,#N/A,#N/A,#N/A,#N/A,#N/A,#N/A,#N/A,#N/A,#N/A,#N/A,#N/A,#N/A,#N/A,#N/A,#N/A,#N/A,#N/A,#N/A,#N/A,#N/A,#N/A,#N/A,#N/A
City of San Marcos,City of San Marcos,City of San Marcos|2018,2018,,0,0,0,0,15,15,#N/A,#N/A,#N/A,#N/A,#N/A,#N/A,#N/A,#N/A,#N/A,#N/A,#N/A,#N/A,#N/A,#N/A,#N/A,#N/A,#N/A,#N/A,#N/A,#N/A,#N/A,#N/A,#N/A,#N/A,#N/A,#N/A
City of San Marcos,City of San Marcos,City of San Marcos|2017,2017,,0,59,0,59,111,170,#N/A,#N/A,#N/A,#N/A,#N/A,#N/A,#N/A,#N/A,#N/A,#N/A,#N/A,#N/A,#N/A,#N/A,#N/A,#N/A,#N/A,#N/A,#N/A,#N/A,#N/A,#N/A,#N/A,#N/A,#N/A,#N/A
City of San Marcos,City of San Marcos,City of San Marcos|2016,2016,,0,55,0,55,44,99,#N/A,#N/A,#N/A,#N/A,#N/A,#N/A,#N/A,#N/A,#N/A,#N/A,#N/A,#N/A,#N/A,#N/A,#N/A,#N/A,#N/A,#N/A,#N/A,#N/A,#N/A,#N/A,#N/A,#N/A,#N/A,#N/A
City of San Marcos,City of San Marcos,City of San Marcos|2015,2015,,#N/A,#N/A,#N/A,#N/A,#N/A,0,#N/A,#N/A,#N/A,#N/A,#N/A,#N/A,#N/A,#N/A,#N/A,#N/A,#N/A,#N/A,#N/A,#N/A,#N/A,#N/A,#N/A,#N/A,#N/A,#N/A,#N/A,#N/A,#N/A,#N/A,#N/A,#N/A
City of Santee,City of Santee,City of Santee|2022,2022,,90,9,0,99,48,147,#N/A,7,8,0,11,#N/A,4,supressed,15,1,79,17,2,2,11,4,21,4,60,0,2,3,19,1,67,8
City of Santee,City of Santee,City of Santee|2021,2021,,0,0,0,0,#N/A,0,#N/A,#N/A,#N/A,#N/A,#N/A,#N/A,#N/A,#N/A,#N/A,#N/A,#N/A,#N/A,#N/A,#N/A,#N/A,#N/A,#N/A,#N/A,#N/A,#N/A,#N/A,#N/A,#N/A,#N/A,#N/A,#N/A
City of Santee,City of Santee,City of Santee|2020,2020,,0,0,0,0,25,25,#N/A,#N/A,#N/A,#N/A,#N/A,#N/A,#N/A,#N/A,#N/A,#N/A,#N/A,#N/A,#N/A,#N/A,#N/A,#N/A,#N/A,#N/A,#N/A,#N/A,#N/A,#N/A,#N/A,#N/A,#N/A,#N/A
City of Santee,City of Santee,City of Santee|2019,2019,,#N/A,#N/A,#N/A,0,35,35,#N/A,#N/A,#N/A,#N/A,#N/A,#N/A,#N/A,#N/A,#N/A,#N/A,#N/A,#N/A,#N/A,#N/A,#N/A,#N/A,#N/A,#N/A,#N/A,#N/A,#N/A,#N/A,#N/A,#N/A,#N/A,#N/A
City of Santee,City of Santee,City of Santee|2018,2018,,0,0,0,0,18,18,#N/A,#N/A,#N/A,#N/A,#N/A,#N/A,#N/A,#N/A,#N/A,#N/A,#N/A,#N/A,#N/A,#N/A,#N/A,#N/A,#N/A,#N/A,#N/A,#N/A,#N/A,#N/A,#N/A,#N/A,#N/A,#N/A
City of Santee,City of Santee,City of Santee|2017,2017,,0,0,0,0,49,49,#N/A,#N/A,#N/A,#N/A,#N/A,#N/A,#N/A,#N/A,#N/A,#N/A,#N/A,#N/A,#N/A,#N/A,#N/A,#N/A,#N/A,#N/A,#N/A,#N/A,#N/A,#N/A,#N/A,#N/A,#N/A,#N/A
City of Santee,City of Santee,City of Santee|2016,2016,,0,0,0,0,63,63,#N/A,#N/A,#N/A,#N/A,#N/A,#N/A,#N/A,#N/A,#N/A,#N/A,#N/A,#N/A,#N/A,#N/A,#N/A,#N/A,#N/A,#N/A,#N/A,#N/A,#N/A,#N/A,#N/A,#N/A,#N/A,#N/A
City of Santee,City of Santee,City of Santee|2015,2015,,0,0,0,0,30,30,7,7,0,#N/A,#N/A,#N/A,#N/A,#N/A,#N/A,#N/A,#N/A,0,#N/A,#N/A,#N/A,#N/A,#N/A,#N/A,#N/A,#N/A,#N/A,#N/A,#N/A,#N/A,#N/A,#N/A
City of Spring Valley,County of San Diego,City of Spring Valley|2017,2017,,#N/A,#N/A,#N/A,#N/A,61,61,#N/A,#N/A,#N/A,#N/A,#N/A,#N/A,#N/A,#N/A,#N/A,#N/A,#N/A,#N/A,#N/A,#N/A,#N/A,#N/A,#N/A,#N/A,#N/A,#N/A,#N/A,#N/A,#N/A,#N/A,#N/A,#N/A
City of Spring Valley,County of San Diego,City of Spring Valley|2016,2016,,#N/A,#N/A,#N/A,#N/A,134,134,#N/A,#N/A,#N/A,#N/A,#N/A,#N/A,#N/A,#N/A,#N/A,#N/A,#N/A,#N/A,#N/A,#N/A,#N/A,#N/A,#N/A,#N/A,#N/A,#N/A,#N/A,#N/A,#N/A,#N/A,#N/A,#N/A
City of Spring Valley,County of San Diego,City of Spring Valley|2015,2015,,#N/A,#N/A,#N/A,#N/A,#N/A,0,#N/A,#N/A,#N/A,#N/A,#N/A,#N/A,#N/A,#N/A,#N/A,#N/A,#N/A,#N/A,#N/A,#N/A,#N/A,#N/A,#N/A,#N/A,#N/A,#N/A,#N/A,#N/A,#N/A,#N/A,#N/A,#N/A
City of Vista,City of Vista,City of Vista|2022,2022,,41,0,0,41,76,117,#N/A,8,19,4,9,#N/A,0,supressed,12,0,73,25,2,#N/A,7,0,22,0,71,0,0,0,27,0,73,0
City of Vista,City of Vista,City of Vista|2021,2021,,23,0,0,23,#N/A,23,#N/A,#N/A,#N/A,#N/A,#N/A,#N/A,#N/A,#N/A,#N/A,#N/A,#N/A,#N/A,#N/A,#N/A,#N/A,#N/A,#N/A,#N/A,#N/A,#N/A,#N/A,#N/A,#N/A,#N/A,#N/A,#N/A
City of Vista,City of Vista,City of Vista|2020,2020,,49,0,0,49,51,100,7,0,16,0,2,5,1,32,44,3,#N/A,#N/A,#N/A,#N/A,#N/A,#N/A,#N/A,#N/A,#N/A,#N/A,#N/A,#N/A,#N/A,#N/A,#N/A,#N/A
City of Vista,City of Vista,City of Vista|2019,2019,,#N/A,#N/A,#N/A,174,122,296,#N/A,#N/A,#N/A,#N/A,#N/A,#N/A,#N/A,#N/A,#N/A,#N/A,#N/A,#N/A,#N/A,#N/A,#N/A,#N/A,#N/A,#N/A,#N/A,#N/A,#N/A,#N/A,#N/A,#N/A,#N/A,#N/A
City of Vista,City of Vista,City of Vista|2018,2018,,48,288,0,336,73,409,#N/A,#N/A,#N/A,#N/A,#N/A,#N/A,#N/A,#N/A,#N/A,#N/A,#N/A,#N/A,#N/A,#N/A,#N/A,#N/A,#N/A,#N/A,#N/A,#N/A,#N/A,#N/A,#N/A,#N/A,#N/A,#N/A
City of Vista,City of Vista,City of Vista|2017,2017,,45,278,0,323,529,852,#N/A,#N/A,#N/A,#N/A,#N/A,#N/A,#N/A,#N/A,#N/A,#N/A,#N/A,#N/A,#N/A,#N/A,#N/A,#N/A,#N/A,#N/A,#N/A,#N/A,#N/A,#N/A,#N/A,#N/A,#N/A,#N/A
City of Vista,City of Vista,City of Vista|2016,2016,,112,247,0,359,64,423,#N/A,#N/A,#N/A,#N/A,#N/A,#N/A,#N/A,#N/A,#N/A,#N/A,#N/A,#N/A,#N/A,#N/A,#N/A,#N/A,#N/A,#N/A,#N/A,#N/A,#N/A,#N/A,#N/A,#N/A,#N/A,#N/A
City of Vista,City of Vista,City of Vista|2015,2015,,#N/A,#N/A,#N/A,#N/A,#N/A,0,#N/A,#N/A,#N/A,#N/A,#N/A,#N/A,#N/A,#N/A,#N/A,#N/A,#N/A,#N/A,#N/A,#N/A,#N/A,#N/A,#N/A,#N/A,#N/A,#N/A,#N/A,#N/A,#N/A,#N/A,#N/A,#N/A
Fallbrook,Fallbrook,Fallbrook|2022,2022,,#N/A,#N/A,#N/A,#N/A,25,25,#N/A,#N/A,#N/A,#N/A,#N/A,#N/A,#N/A,#N/A,#N/A,#N/A,#N/A,#N/A,#N/A,#N/A,#N/A,#N/A,#N/A,#N/A,#N/A,#N/A,#N/A,#N/A,#N/A,#N/A,#N/A,#N/A
Fallbrook,County of San Diego,Fallbrook|2020,2020,,0,0,0,0,51,51,#N/A,#N/A,#N/A,#N/A,#N/A,#N/A,#N/A,#N/A,#N/A,#N/A,#N/A,#N/A,#N/A,#N/A,#N/A,#N/A,#N/A,#N/A,#N/A,#N/A,#N/A,#N/A,#N/A,#N/A,#N/A,#N/A
Fallbrook,County of San Diego,Fallbrook|2019,2019,,#N/A,#N/A,#N/A,0,61,61,#N/A,#N/A,#N/A,#N/A,#N/A,#N/A,#N/A,#N/A,#N/A,#N/A,#N/A,#N/A,#N/A,#N/A,#N/A,#N/A,#N/A,#N/A,#N/A,#N/A,#N/A,#N/A,#N/A,#N/A,#N/A,#N/A
Fallbrook,County of San Diego,Fallbrook|2018,2018,,#N/A,#N/A,#N/A,#N/A,#N/A,0,#N/A,#N/A,#N/A,#N/A,#N/A,#N/A,#N/A,#N/A,#N/A,#N/A,#N/A,#N/A,#N/A,#N/A,#N/A,#N/A,#N/A,#N/A,#N/A,#N/A,#N/A,#N/A,#N/A,#N/A,#N/A,#N/A
Lakeside,Lakeside,Lakeside|2022,2022,,#N/A,#N/A,#N/A,#N/A,63,63,#N/A,#N/A,#N/A,#N/A,#N/A,#N/A,#N/A,#N/A,#N/A,#N/A,#N/A,#N/A,#N/A,#N/A,#N/A,#N/A,#N/A,#N/A,#N/A,#N/A,#N/A,#N/A,#N/A,#N/A,#N/A,#N/A
Lakeside,County of San Diego,Lakeside|2020,2020,,0,0,0,0,24,24,#N/A,#N/A,#N/A,#N/A,#N/A,#N/A,#N/A,#N/A,#N/A,#N/A,#N/A,#N/A,#N/A,#N/A,#N/A,#N/A,#N/A,#N/A,#N/A,#N/A,#N/A,#N/A,#N/A,#N/A,#N/A,#N/A
Lakeside,County of San Diego,Lakeside|2019,2019,,#N/A,#N/A,#N/A,0,72,72,#N/A,#N/A,#N/A,#N/A,#N/A,#N/A,#N/A,#N/A,#N/A,#N/A,#N/A,#N/A,#N/A,#N/A,#N/A,#N/A,#N/A,#N/A,#N/A,#N/A,#N/A,#N/A,#N/A,#N/A,#N/A,#N/A
Lakeside,County of San Diego,Lakeside|2018,2018,,#N/A,#N/A,#N/A,#N/A,#N/A,0,#N/A,#N/A,#N/A,#N/A,#N/A,#N/A,#N/A,#N/A,#N/A,#N/A,#N/A,#N/A,#N/A,#N/A,#N/A,#N/A,#N/A,#N/A,#N/A,#N/A,#N/A,#N/A,#N/A,#N/A,#N/A,#N/A
Lemon Grove,Lemon Grove,Lemon Grove|2022,2022,,#N/A,#N/A,#N/A,#N/A,31,31,#N/A,#N/A,#N/A,#N/A,#N/A,#N/A,#N/A,#N/A,#N/A,#N/A,#N/A,#N/A,#N/A,#N/A,#N/A,#N/A,#N/A,#N/A,#N/A,#N/A,#N/A,#N/A,#N/A,#N/A,#N/A,#N/A
Ramona,Ramona,Ramona|2022,2022,,#N/A,#N/A,#N/A,#N/A,21,21,#N/A,#N/A,#N/A,#N/A,#N/A,#N/A,#N/A,#N/A,#N/A,#N/A,#N/A,#N/A,#N/A,#N/A,#N/A,#N/A,#N/A,#N/A,#N/A,#N/A,#N/A,#N/A,#N/A,#N/A,#N/A,#N/A
Ramona,County of San Diego,Ramona|2020,2020,,0,0,0,0,20,20,#N/A,#N/A,#N/A,#N/A,#N/A,#N/A,#N/A,#N/A,#N/A,#N/A,#N/A,#N/A,#N/A,#N/A,#N/A,#N/A,#N/A,#N/A,#N/A,#N/A,#N/A,#N/A,#N/A,#N/A,#N/A,#N/A
Ramona,County of San Diego,Ramona|2019,2019,,#N/A,#N/A,#N/A,0,14,14,#N/A,#N/A,#N/A,#N/A,#N/A,#N/A,#N/A,#N/A,#N/A,#N/A,#N/A,#N/A,#N/A,#N/A,#N/A,#N/A,#N/A,#N/A,#N/A,#N/A,#N/A,#N/A,#N/A,#N/A,#N/A,#N/A
Ramona,County of San Diego,Ramona|2018,2018,,#N/A,#N/A,#N/A,#N/A,#N/A,0,#N/A,#N/A,#N/A,#N/A,#N/A,#N/A,#N/A,#N/A,#N/A,#N/A,#N/A,#N/A,#N/A,#N/A,#N/A,#N/A,#N/A,#N/A,#N/A,#N/A,#N/A,#N/A,#N/A,#N/A,#N/A,#N/A
Spring Valley,Spring Valley,Spring Valley|2022,2022,,#N/A,#N/A,#N/A,#N/A,60,60,#N/A,#N/A,#N/A,#N/A,#N/A,#N/A,#N/A,#N/A,#N/A,#N/A,#N/A,#N/A,#N/A,#N/A,#N/A,#N/A,#N/A,#N/A,#N/A,#N/A,#N/A,#N/A,#N/A,#N/A,#N/A,#N/A
Spring Valley,County of San Diego,Spring Valley|2020,2020,,0,0,0,0,97,97,#N/A,#N/A,#N/A,#N/A,#N/A,#N/A,#N/A,#N/A,#N/A,#N/A,#N/A,#N/A,#N/A,#N/A,#N/A,#N/A,#N/A,#N/A,#N/A,#N/A,#N/A,#N/A,#N/A,#N/A,#N/A,#N/A
Spring Valley,County of San Diego,Spring Valley|2019,2019,,#N/A,#N/A,#N/A,0,67,67,#N/A,#N/A,#N/A,#N/A,#N/A,#N/A,#N/A,#N/A,#N/A,#N/A,#N/A,#N/A,#N/A,#N/A,#N/A,#N/A,#N/A,#N/A,#N/A,#N/A,#N/A,#N/A,#N/A,#N/A,#N/A,#N/A
Spring Valley,County of San Diego,Spring Valley|2018,2018,,#N/A,#N/A,#N/A,#N/A,#N/A,0,#N/A,#N/A,#N/A,#N/A,#N/A,#N/A,#N/A,#N/A,#N/A,#N/A,#N/A,#N/A,#N/A,#N/A,#N/A,#N/A,#N/A,#N/A,#N/A,#N/A,#N/A,#N/A,#N/A,#N/A,#N/A,#N/A